Timestamp,Market,Action,Size,Routing,Execution Price,AI Probability,Reasoning
2026-06-14 01:32:18,Will MegaETH perform an airdrop by June 30? ,BUY_YES,10.0,TAKER (High Urgency),0.13,85.0%,"1. MegaETH has opened its airdrop reward claim process with a hard deadline of June 10, 2026. This indicates that the airdrop process is already underway. 2. The claim process involves selecting a payout wallet and confirming details, which suggests that the airdrop is imminent and likely to be completed soon. 3. The news mentions that the Terminal Program has ended, and wallet delegation is open, further supporting that the airdrop process is in its final stages. 4. There is no mention of any delays or issues that could prevent the airdrop from being completed by June 30, 2026. Based on these facts, it is reasonable to conclude that the probability of MegaETH performing an airdrop by June 30, 2026, is high."
2026-06-14 11:20:12,Will MegaETH perform an airdrop by June 30? ,BUY_YES,10.0,TAKER (High Urgency),0.13,85.0%,"1. The MegaETH airdrop reward claim process was opened with a hard deadline of June 10, 2026, which has already passed. 2. The claim process being live and having a deadline suggests that the airdrop is imminent or already in progress. 3. There is no mention of any delays or issues that would prevent the airdrop from being completed by June 30, 2026. 4. The news indicates that the airdrop event is closely watched and significant, implying a high likelihood of completion. Based on these facts, the probability of the airdrop occurring by June 30, 2026, is high."
2026-06-14 12:06:50,Will MegaETH perform an airdrop by June 30? ,BUY_YES,10.0,TAKER (High Urgency),0.13,85.0%,"1. The MegaETH airdrop reward claim process was opened with a hard deadline of June 10, 2026, which has already passed. 2. The claim process being live and having a deadline suggests that the airdrop is imminent or already in progress. 3. There is no mention of any delays or issues that would prevent the airdrop from being completed by June 30, 2026. 4. The news indicates that the airdrop event is one of the more closely watched events of 2026, implying significant progress and attention. 5. No new information suggests any operational or external factors delaying the airdrop beyond June 30, 2026."
2026-06-14 12:10:29,Will MegaETH perform an airdrop by June 30? ,BUY_YES,10.0,MAKER (Low Urgency),0.148,25.0%,"1. The news indicates that the MegaETH ecosystem is actively undergoing developments, such as the mainnet upgrade and the launch of the MNX AI Futures Exchange. These developments suggest ongoing activity and potential for an airdrop. 2. The community airdrop claim deadline for the Terminal Program rewards has passed, indicating that preparations for distribution are in progress. 3. There is no explicit mention of an airdrop delay or cancellation in the provided data. 4. The market price for 'Yes' is $0.139, implying a 13.9% probability. Given the ongoing developments and the completion of the claim deadline, the probability of an airdrop occurring before June 30, 2026, is likely higher than the market's implied probability."
2026-06-14 17:03:33,Will MegaETH perform an airdrop by June 30? ,BUY_NO,10.0,TAKER (High Urgency),0.849,5.0%,"1. The MegaETH airdrop reward claim process was opened with a deadline of June 10, 2026, which has already passed. This indicates that an airdrop event has occurred. 2. The news mentions that the claim process was a closely watched airdrop event of 2026, suggesting it was significant and likely the main airdrop event. 3. There is no mention of any future airdrop events planned before June 30, 2026, and the claim process has already concluded. 4. The news about the mainnet upgrade and other developments do not indicate any further airdrop events before June 30, 2026."
2026-06-14 21:56:47,Will MegaETH perform an airdrop by June 30? ,BUY_YES,10.0,TAKER (High Urgency),0.151,45.0%,"1. The MegaETH Terminal Program has concluded, and wallet delegation is now live, with selections locked after June 10. This indicates that the preparatory steps for an airdrop are in place. 2. The MegaETH token ($MEGA) went live on April 30, 2026, after clearing its first KPI milestone, suggesting that the infrastructure for an airdrop is operational. 3. The news suggests strong odds for an airdrop before June 30, 2026, based on TGE delays and odds data, although this is not directly usable for probability calculation. 4. There is no mention of any regulatory or technical delays that would prevent the airdrop from occurring before June 30, 2026. Based on these facts, the probability of an airdrop occurring before June 30, 2026, is reasonably high."
2026-06-14 23:51:45,Will MegaETH perform an airdrop by June 30? ,BUY_YES,10.0,TAKER (High Urgency),0.15,40.0%,"1. The MegaETH airdrop reward claim process is live with a hard deadline of June 10, 2026, which has already passed. 2. The claim process being live and having a deadline suggests that the airdrop is imminent or already in progress. 3. There is no mention of any delays or issues that would prevent the airdrop from occurring by June 30, 2026. 4. The market price for 'Yes' is $0.188, implying an 18.8% probability. 5. Given the claim process has been initiated and no negative information is present, the probability of the airdrop occurring by June 30 is higher than the market's implied probability."
2026-06-14 23:51:45,Will MegaETH perform an airdrop by June 30? ,SELL_YES,60.0,MAKER (Exit Protocol),0.188,N/A,Take Profit triggered at 34.4% ROI
2026-06-15 09:33:57,Will MegaETH perform an airdrop by June 30? ,BUY_YES,10.0,TAKER (High Urgency),0.106,70.0%,"1. The MegaETH airdrop reward claim process was opened with a hard deadline of June 10, 2026, which has already passed. 2. The claim process being live and having a deadline suggests that the airdrop is imminent or already in progress. 3. There is no mention of any delays or issues post-June 10, 2026, indicating that the process is likely proceeding as planned. 4. The news does not provide any new information post-June 10, 2026, that would suggest a delay or cancellation of the airdrop."
2026-06-15 09:33:57,Will MegaETH perform an airdrop by June 30? ,SELL_YES,10.0,MAKER (Exit Protocol),0.133,N/A,Stop Loss triggered at -85.9% ROI
2026-06-15 09:39:01,Will MegaETH perform an airdrop by June 30? ,BUY_YES,10.0,TAKER (High Urgency),0.106,80.0%,"1. The MegaETH airdrop reward claim process was opened with a hard deadline of June 10, 2026, which has already passed as of today's date, June 15, 2026. 2. The claim process being completed suggests that the airdrop event is either in progress or has been completed. 3. There is no mention of any delays or issues that would prevent the airdrop from being completed by June 30, 2026. 4. The news indicates that the airdrop event is one of the more closely watched events of 2026, implying significant attention and likely completion. Based on these facts, it is reasonable to conclude that the probability of the airdrop occurring by June 30, 2026, is high."
2026-06-15 09:39:01,Will MegaETH perform an airdrop by June 30? ,SELL_YES,10.0,MAKER (Exit Protocol),0.129,N/A,Take Profit triggered at 21.7% ROI
2026-06-15 17:39:49,Will MegaETH perform an airdrop by June 30? ,BUY_YES,10.0,TAKER (High Urgency),0.141,80.0%,"1. The MegaETH airdrop reward claim process was opened with a hard deadline of June 10, 2026, for eligible users to act. This indicates that the airdrop process has already been initiated. 2. The claim process being live and having a deadline suggests that the airdrop is in progress and likely to be completed soon. 3. There is no mention of any delays or issues that would prevent the airdrop from being completed by June 30, 2026. 4. The news does not provide any new information that contradicts the ongoing airdrop process."
2026-06-16 00:16:36,Will MegaETH perform an airdrop by June 30? ,BUY_YES,10.0,TAKER (High Urgency),0.087,75.0%,"1. The MegaETH airdrop reward claim process was opened with a hard deadline of June 10, 2026, which has already passed. 2. The Terminal Program has ended, and wallet delegation is now live, indicating that the preparatory steps for the airdrop have been completed. 3. There is no mention of any further delays or operational issues that would prevent the airdrop from occurring before June 30, 2026. 4. The news suggests that the market expects strong odds for the airdrop before June 30, 2026, based on TGE delays and odds data. 5. Given these facts, the structural probability of the airdrop occurring before June 30, 2026, is high."
2026-06-16 00:16:36,Will MegaETH perform an airdrop by June 30? ,SELL_YES,20.0,MAKER (Exit Protocol),0.209,N/A,Take Profit triggered at 83.3% ROI

2026-06-17 01:43:55,Will no Fed rate cuts happen in 2026?,BUY_YES,10.0,TAKER (High Urgency),0.697,85.0%,"1. The current market price for 'Yes' implies a 69.8% probability that no Fed rate cuts will happen in 2026. 2. The CME FedWatch Tool shows a 97% probability of no change in rates for the June 17, 2026 meeting, indicating a strong expectation of holding rates steady. 3. The news indicates a shift away from an easing bias, with potential rate hikes being considered due to accelerating inflation and a strong labor market. 4. Fed officials and market analysts suggest that rate cuts are highly unlikely this year, with some even considering potential hikes. 5. The economic environment, including inflationary pressures and stable employment, supports the likelihood of no rate cuts. 6. Given these factors, the probability of no rate cuts in 2026 is likely higher than the market's implied 69.8%."
2026-06-17 01:44:59,Will 1 Fed rate cut happen in 2026?,BUY_NO,10.0,TAKER (High Urgency),0.79,10.0%,"1. The current market price for 'Yes' implies a 20.5% probability of a Fed rate cut in 2026. 2. The news data indicates that market participants anticipate little change in the federal funds rate this year, with options prices implying a 30% probability of a rate hike by early 2027. 3. The Desk survey shows expectations for two rate cuts over the next year, but these are expected to occur later, in the third or fourth quarter of 2026 and the first quarter of 2027. 4. Persistent inflation and a resilient labor market are anchoring expectations for delayed Fed easing, with May 2026 CPI at 4.2% year-over-year, the highest since 2023. 5. Futures traders are not pricing in any rate cuts this year, and economist surveys assign minimal odds to any 2026 cut, with projections for the first reduction in mid-2027. 6. The Federal Reserve's current stance, under new Chair Kevin Warsh, is to maintain the federal funds rate at 3.50%-3.75%, with no easing bias. 7. Given the high inflation, solid job gains, and geopolitical tensions, the likelihood of a rate cut in 2026 is low. 8. Based on these facts, the probability of a rate cut in 2026 is lower than the market's implied probability."
2026-06-17 01:49:54,Will no Fed rate cuts happen in 2026?,BUY_YES,10.0,TAKER (High Urgency),0.697,85.0%,"1. The current market price for 'Yes' implies a 69.8% probability that no Fed rate cuts will happen in 2026. 2. The news data indicates that 17 out of 32 former Fed officials expect a rate increase, while only one expects a rate cut, suggesting a strong bias against cuts. 3. The CME FedWatch Tool shows futures traders are not pricing in any rate cuts this year, reinforcing the expectation of no cuts. 4. Inflation remains above the Fed's 2% target, with the PCE at 3.8% in April and expected to stay above 3% throughout 2026, reducing the likelihood of rate cuts. 5. The Fed is signaling a shift away from an easing bias, with potential rate hikes being considered due to inflationary pressures and a strong labor market. 6. Goldman Sachs Research and other analysts do not expect rate cuts until 2027, further supporting the probability of no cuts in 2026. 7. Given these factors, the probability of no rate cuts in 2026 is likely higher than the market's implied 69.8%."
2026-06-17 01:50:15,Opensea FDV above $500M one day after launch?,BUY_NO,10.0,TAKER (High Urgency),0.573,20.0%,"1. The market question is whether OpenSea's Fully Diluted Valuation (FDV) will be above $500M one day after its token launch. 2. The current market price for 'Yes' is $0.421, implying a 42.1% probability. 3. There is no information in the provided data indicating that OpenSea has launched a token as of June 17, 2026. 4. The market will resolve to 'No' if OpenSea does not launch a token by December 31, 2026. 5. Given the lack of information about a token launch, the probability of OpenSea launching a token and having an FDV above $500M one day after launch is likely lower than the market's implied probability. 6. Without any concrete evidence of a token launch or market conditions that would support a high FDV, a conservative estimate would be significantly lower than 42.1%."
2026-06-17 01:50:37,Opensea FDV above $1B one day after launch?,BUY_NO,10.0,TAKER (High Urgency),0.78,15.0%,"1. The market question is whether OpenSea's Fully Diluted Valuation (FDV) will be above $1B one day after launch. 2. The current market price for 'Yes' is $0.21, implying a 21% probability. 3. The news data suggests that OpenSea's token launch FDV is most likely in the $300M–$500M range, with a steep drop-off above $500M. 4. The market for OpenSea FDV above $500M has a 'Yes' price of $0.422, implying a 42.2% probability, indicating that the market sees a significant chance of the FDV being above $500M but not necessarily above $1B. 5. There is no specific news or data indicating a likelihood of the FDV exceeding $1B, and the steep drop-off in probability above $500M suggests skepticism about reaching $1B. 6. Given the lack of evidence supporting a $1B+ FDV and the market's implied probability, the true probability of the FDV exceeding $1B is likely lower than 21%."
2026-06-17 13:05:36,Will no Fed rate cuts happen in 2026?,BUY_YES,10.0,TAKER (High Urgency),0.686,85.0%,"1. The current market price for 'Yes' implies a 68.7% probability that no Fed rate cuts will happen in 2026. 2. Goldman Sachs economists, as of June 7, 2026, no longer expect any rate cuts in 2026, citing a stronger-than-expected labor market. 3. CME FedWatch data as of June 13, 2026, shows a 97% probability of no change in the upcoming June meeting, indicating a strong expectation of no immediate rate cuts. 4. The Philadelphia Fed President mentioned a conditional possibility of a modest rate cut in late 2026, but this is contingent on economic performance and does not guarantee a cut. 5. Market-implied expectations and options prices suggest little change in the federal funds rate for 2026, with some expectations of rate cuts pushed to 2027. 6. The overall economic indicators, including a strong labor market and inflation concerns, support the expectation of no rate cuts in 2026. Based on these facts, the probability of no rate cuts in 2026 is higher than the market's implied probability."
2026-06-17 13:05:57,Opensea FDV above $500M one day after launch?,BUY_YES,10.0,MAKER (Low Urgency),0.424,55.0%,"1. The market question is whether OpenSea's FDV will be above $500M one day after launch. 2. OpenSea previously had a post-money valuation of $13.3 billion in January 2022. 3. The NFT market has experienced negative sentiment, which could impact OpenSea's valuation. 4. Magic Eden, a competitor, had an FDV of around $5B at launch, which suggests that OpenSea could potentially achieve a similar valuation. 5. The current market price for 'Yes' implies a 42.1% probability. 6. Given OpenSea's historical valuation and the comparison with Magic Eden, it is reasonable to expect that OpenSea's FDV could exceed $500M, despite the negative sentiment in the NFT market. 7. However, the negative sentiment and potential sell pressure could lower the probability of exceeding $500M. 8. Considering these factors, the true probability is estimated to be slightly higher than the market's implied probability."
2026-06-17 13:06:42,Will 1 Fed rate cut happen in 2026?,BUY_NO,10.0,TAKER (High Urgency),0.79,10.0%,"1. The Fed's median projection indicates only one 25 basis point rate cut in 2026, reflecting slower progress on inflation and economic uncertainties. 2. Market expectations have shifted significantly towards no cuts, with probabilities for no cuts rising to near-certainty according to Goldman Sachs and other sources. 3. The labor market is stronger than expected, reducing the likelihood of rate cuts. 4. The geopolitical risks and inflation tied to the Iran war further reduce the likelihood of rate cuts. 5. The Fed's decision-making is influenced by solid job gains and rising inflation, which typically do not favor rate cuts. 6. Given these factors, the probability of one rate cut happening in 2026 is lower than the market's implied probability of 20.5%."
2026-06-17 13:07:04,US recession by end of 2026?,BUY_YES,10.0,TAKER (High Urgency),0.13,30.0%,"1. The current market price for 'Yes' implies a 14% probability of a recession by the end of 2026. 2. Economic data suggests a robust U.S. economy with GDP growth projected at 2.2% for 2026, supported by consumer spending, business investment, and a stable labor market with unemployment around 4.4-4.6%. 3. Core inflation is trending toward 2.7%, allowing the Federal Reserve to maintain a stable policy stance. 4. Leading indicators show few contraction signals, and fiscal policies are expansionary. 5. However, there are sectoral weaknesses and geopolitical risks, such as energy prices and tariffs, that could impact the economy. 6. The probability of a recession over the next 12 months has been reduced to 30% by some economists, indicating a higher risk than the market implies. 7. CEO confidence has deteriorated, and 40% of respondents expect worsening economic conditions, suggesting potential downside risks. 8. Considering these factors, the true probability of a recession by the end of 2026 is likely higher than the market's 14% estimate."
2026-06-17 20:07:28,Will MegaETH perform an airdrop by June 30? ,SELL_NO,10.0,MAKER (Exit Protocol),0.983,N/A,Take Profit triggered at 15.8% ROI
2026-06-17 20:08:11,Will OpenAI’s market cap be between $1T and $1.25T at market close on IPO day?,BUY_YES,10.0,MAKER (Low Urgency),0.223,30.0%,"1. OpenAI has announced annualized revenue of $20 billion, indicating strong financial performance. 2. OpenAI is targeting a Q4 2026 IPO with a potential valuation around $1 trillion, which aligns with the market cap range of $1T to $1.25T. 3. OpenAI recently raised $122 billion at an $852 billion valuation, suggesting a strong upward trajectory in valuation. 4. The global AI market is projected to exceed $1 trillion, and OpenAI is a leading player, which supports a high valuation. 5. However, there is skepticism about the IPO timing, with some reports suggesting a 2027 IPO, which could affect the probability of the market cap being in the specified range on IPO day. 6. The current market price implies a 21.1% probability. Given the strong financials and market position, but considering the uncertainty around the IPO timing, I estimate the probability of the market cap being between $1T and $1.25T at IPO to be around 30%."
2026-06-17 20:08:34,Will OpenAI’s market cap be $1.5T or greater at market close on IPO day?,BUY_NO,10.0,TAKER (High Urgency),0.848,10.0%,"1. OpenAI is preparing for a September 2026 IPO with a target valuation above $1 trillion, as reported by multiple credible sources like The New York Times and The Wall Street Journal. 2. OpenAI reported $6 billion in revenue for Q1 2026, indicating strong growth. 3. Despite strong revenue, OpenAI faces substantial losses, projecting $14 billion in 2026 and cumulative losses up to $115 billion by 2029. 4. The company has a high valuation in private markets, with estimates between $730 billion and $852 billion in 2026. 5. OpenAI's growth is challenged by intense competition from companies like Google and Anthropic. 6. The market currently prices the probability of a $1.5T+ market cap at 14.1%. 7. Given the strong revenue growth but significant losses and competition, the probability of reaching a $1.5T market cap on IPO day seems lower than the market's current pricing."
2026-06-17 20:08:56,"Will Hyperliquid perform an airdrop by December 31, 2026? ",BUY_YES,10.0,TAKER (High Urgency),0.13,35.0%,"1. Hyperliquid has a history of conducting large airdrops, as evidenced by their Season 1 airdrop, which was the largest in crypto history. 2. There are 428 million unclaimed HYPE tokens in the community rewards wallet, indicating potential for future distribution. 3. The news mentions that Hyperliquid has allocated 38.888% of total supply for future emissions and community rewards, suggesting a planned airdrop. 4. The absence of an official Season 2 announcement does not negate the possibility of an airdrop, given the historical context and available tokens. 5. The market price for 'Yes' is $0.16, implying a 16% probability. Based on the facts, the probability of an airdrop occurring by December 31, 2026, is higher than the market's implied probability."
2026-06-17 21:23:35,"Will OpenAI not IPO by December 31, 2026?",BUY_NO,10.0,MAKER (Low Urgency),0.461,30.0%,"1. OpenAI is reportedly planning an IPO for the fourth quarter of 2026, with preparations already underway, including working with Goldman Sachs and Morgan Stanley. 2. The company has submitted a confidential S-1, indicating serious intent to go public. 3. Despite internal debates about timing, the preparation for an IPO is advanced, with a potential public listing as early as September 2026. 4. The market for OpenAI's IPO by December 31, 2026, shows a 69.5% YES probability, suggesting strong market belief in the IPO occurring by year-end. 5. The news indicates significant financial challenges and competition, but these do not directly prevent an IPO. 6. Given the advanced stage of IPO preparations and the market's high probability, the likelihood of OpenAI not going public by December 31, 2026, is lower than the current market price for 'Yes' at 55%."
2026-06-19 12:54:06,Will OpenAI’s market cap be less than $500B at market close on IPO day?,BUY_NO,10.0,TAKER (High Urgency),0.812,11.0%,"1. An employee share sale in October 2025 valued OpenAI at approximately $500 billion, setting a private market benchmark. 2. Reports from December 2025 indicated OpenAI was seeking $100 billion in new funding at an $830 billion valuation, with some reports suggesting the IPO could target $1 trillion or more. 3. OpenAI's CFO indicated a potential IPO delay to 2027, increasing the probability of no IPO by the end of 2026. 4. OpenAI's revenue grew significantly to $20 billion in 2025, but the company is projected to lose $14 billion in 2026, with profitability not expected until the 2030s. 5. Intense competition from rivals like Anthropic and Google DeepMind could impact OpenAI's market cap. 6. Given these factors, the probability of OpenAI's market cap being less than $500 billion at IPO is low, as the company is targeting a much higher valuation."
2026-06-20 04:36:14,Will no Fed rate cuts happen in 2026?,SELL_YES,30.0,EXIT (Take Profit),0.81,N/A,TP at 16.8% ROI
2026-06-20 04:36:16,Will OpenAI’s market cap be between $1T and $1.25T at market close on IPO day?,SELL_YES,10.0,EXIT (Stop Loss),0.145,N/A,SL at -35.0% ROI
2026-06-20 04:36:16,"Will Hyperliquid perform an airdrop by December 31, 2026? ",SELL_YES,10.0,EXIT (Take Profit),0.16,N/A,TP at 23.1% ROI
2026-06-20 04:36:17,"Will OpenAI not IPO by December 31, 2026?",SELL_NO,10.0,EXIT (Take Profit),0.555,N/A,TP at 20.4% ROI
2026-06-20 04:36:17,Will OpenAI’s market cap be less than $500B at market close on IPO day?,SELL_NO,10.0,EXIT (Take Profit),0.975,N/A,TP at 20.1% ROI
2026-06-20 04:36:25,Will no Fed rate cuts happen in 2026?,BUY_YES,10.0,MAKER,0.812,90.0%,"The recent news strongly supports the likelihood of no Fed rate cuts in 2026. The Fed has maintained the federal funds rate at 3.5%-3.75% and signaled a possible rate hike later in the year, indicating a hawkish stance. Goldman Sachs has revised its forecast, expecting no rate cuts in 2026 due to a stronger-than-expected labor market. The CME Group's FedWatch gauge also anticipates a rate hike by the end of the year. Additionally, the FOMC's dot plot shows a majority of members projecting at least one rate hike in 2026, with only one member projecting a rate cut. These factors collectively suggest a high probability that no rate cuts will occur in 2026."
2026-06-20 15:25:32,"Will Bitcoin dip to $55,000 by December 31, 2026?",BUY_NO,10.0,TAKER,0.29,66.0%,"The current YES price implies a 70.5% probability that Bitcoin will dip to $55,000 by the end of 2026. Recent news indicates that traders on Kalshi and Polymarket are pricing a 66% and 67% chance, respectively, for Bitcoin to fall below $55,000. Additionally, there is a significant outflow from Bitcoin ETFs, with $2.4 billion withdrawn in May and $1 billion in early June, indicating a lack of institutional support. The market sentiment is bearish, with a broad risk-off sentiment due to macroeconomic uncertainty and significant liquidations following price drops below $66,000 and $62,000. These factors suggest a slightly lower probability than the current market price implies."
2026-06-20 15:25:53,"Will Bitcoin dip to $45,000 by December 31, 2026?",BUY_YES,10.0,MAKER,0.421,55.0%,"The news indicates a bearish sentiment for Bitcoin with several factors supporting a potential decline to $45,000. The primary trend is described as pointing lower, with a specific measured objective near $45,000. Analysts like Benjamin Cowen align with this target, projecting a new cycle low around October 2026. Additionally, traders are pricing a 65% chance of Bitcoin falling below $55,000 and a 52% chance of it dipping under $50,000 by the end of 2026. The market sentiment is further supported by significant outflows from digital-asset funds and a bearish outlook on prediction markets like Polymarket and Kalshi. These factors suggest a higher probability than the current market-implied 41.5% for Bitcoin to dip to $45,000 by the end of 2026."
2026-06-20 15:26:14,Will Perplexity AI be acquired before 2027?,BUY_YES,10.0,MAKER,0.181,25.0%,"The news indicates that Apple executives have discussed the possibility of acquiring Perplexity AI, but these discussions are at an early stage and may not lead to an offer. Additionally, Apple has not yet discussed a bid with Perplexity management. The report also mentions that Meta Platforms Inc. tried to buy Perplexity earlier this year, suggesting some interest from major companies. However, Apple's executives have expressed skepticism about the need for a big acquisition in this space, and Perplexity's reliance on external models may reduce its attractiveness as an acquisition target. Given these factors, the probability of an acquisition before 2027 seems higher than the current market price implies, but not significantly so."
2026-06-20 15:26:35,"Will Bitcoin dip to $35,000 by December 31, 2026?",BUY_YES,10.0,MAKER,0.181,25.0%,"The recent news indicates a bearish sentiment in the Bitcoin market. Digital asset funds have experienced their largest weekly outflow of 2026, reflecting waning investor confidence. MicroStrategy's sale of Bitcoin has triggered a sharp dip in Bitcoin's price, and traders on platforms like Kalshi and Polymarket are bearish, with a high probability of Bitcoin falling below $60,000. The current price of Bitcoin is significantly lower than it was a year ago, and the market sentiment suggests further declines. These factors suggest a higher probability of Bitcoin dipping to $35,000 by the end of 2026 than the current market-implied probability of 17.5%."
2026-06-20 15:28:37,"Will Ethereum dip to $1,500 by December 31, 2026?",BUY_YES,10.0,MAKER,0.776,85.0%,"The current market sentiment and technical analysis indicate a bearish outlook for Ethereum. The price is currently trading at $1,663, with a deeply bearish 1D structure and a failure to sustain recovery after bouncing from the $1,580 support floor. The Fear and Greed Index is at 18, indicating extreme fear, and the sentiment is bearish. The 4-hour chart shows Ethereum consolidating in a descending channel, with fragile support between $1,650 and $1,700. Additionally, prediction markets like Polymarket and Kalshi are pricing a high probability of Ethereum falling below $1,500 by the end of the year. Given these factors, the true probability of Ethereum dipping to $1,500 by December 31, 2026, is likely higher than the current market-implied probability of 74.8%."
2026-06-20 20:53:59,AI bubble burst in 2026?,BUY_YES,10.0,MAKER,0.209,35.0%,"The current market sentiment reflects a 20.5% probability of an AI bubble burst in 2026. Several factors suggest a higher probability: 1) Massive capital expenditures on AI infrastructure are outpacing revenues, with leading labs like OpenAI and Anthropic reporting significant ongoing losses. 2) Warnings from influential figures like Michael Burry and Bill Gurley draw parallels to the late-stage dot-com bubble, indicating potential overvaluation. 3) An NBER study highlights minimal real-world productivity impact, suggesting a disconnect between AI advancements and economic benefits. 4) Despite new model releases and capability gains, there is skepticism about their immediate economic impact. 5) The Nasdaq's recent downturn and comparisons to 1999 suggest market vulnerability. These factors collectively indicate a higher risk of a bubble burst than the market currently prices in."
2026-06-20 20:54:22,OpenAI IPO before 2027?,BUY_YES,10.0,MAKER,0.541,65.0%,"The news indicates that OpenAI is actively preparing for an IPO, with Goldman Sachs and Morgan Stanley involved in drafting the IPO prospectus. There is a possibility of filing with regulators in the second half of 2026. However, there is internal debate about the timing, with the CFO suggesting a delay to 2027 due to financial commitments and reporting standards. The median forecasted IPO date is March 25, 2027, which is just after the 2026 deadline. Despite this, the active preparations and potential filing in 2026 suggest a significant probability of an IPO before 2027."
2026-06-20 20:54:43,"Kraken IPO by December 31, 2026?",BUY_YES,10.0,MAKER,0.361,45.0%,"The news indicates that Kraken is preparing for an IPO in 2026, with initial plans for Q1 2026. However, the IPO has been delayed to H2 2026 or later due to market volatility and the need for more favorable conditions. The market environment is crucial, and while there is potential for a bullish crypto market, the current conditions are not optimal. The emphasis on compliance maturity and operational resilience suggests Kraken is taking steps to ensure readiness. Despite these preparations, the uncertainty in market conditions and the potential for further delays suggest a moderate probability of the IPO occurring by the end of 2026."
2026-06-22 16:18:02,Databricks IPO before 2027?,BUY_NO,10.0,TAKER,0.81,10.0%,"The news indicates that Databricks is IPO-ready but has explicitly stated that it will not go public in 2026 due to market conditions and saturation. The CEO has reiterated this position multiple times, suggesting a delay beyond 2026. Although there is speculation about a potential S-1 filing in the second half of 2026, the CEO's statements strongly suggest that an IPO before 2027 is unlikely. Given these factors, the current market price of $0.185, implying an 18.5% probability, seems too high. The true probability of a Databricks IPO before 2027 is likely lower than the market's estimate."
2026-06-22 16:18:23,Discord IPO before 2027?,BUY_YES,10.0,MAKER,0.639,75.0%,"The recent news indicates that Discord has confidentially filed for a US IPO targeting a 2026 debut, which is a strong indicator that the IPO will occur before 2027. The market has reacted positively to this news, with the YES probability increasing from 54% to 63.3%. Additionally, Discord has announced its IPO date as March 31, 2026, further supporting the likelihood of the IPO occurring before 2027. These developments suggest a high probability of a YES resolution."
2026-06-23 10:50:51,"Will OpenAI not IPO by December 31, 2026?",BUY_NO,10.0,MAKER,0.531,35.0%,"OpenAI has confidentially filed for an IPO and is targeting a public debut as soon as the fourth quarter of 2026. The company is actively preparing for the IPO by holding talks with Wall Street banks, hiring key finance executives, and completing significant funding rounds. Despite the challenges such as the need for a major pre-IPO funding round and restructuring, the confidential filing and the strategic moves indicate a strong intention to go public by the end of 2026. The current market price implies a 47.5% probability of OpenAI not IPOing by December 31, 2026. Given the recent developments, the probability of OpenAI not IPOing seems lower than the market's implied probability."
2026-06-23 23:34:07,Will NVIDIA be the largest company in the world by market cap on December 31?,BUY_YES,10.0,MAKER,0.731,85.0%,"NVIDIA is currently the largest company by market cap, with a valuation between $5.2 and $5.3 trillion. The market suggests a 90% probability that NVIDIA will maintain this position through the end of June. The dominance of NVIDIA is driven by strong performance in AI-chip demand, which is a key driver of its market valuation. Apple and Alphabet, the closest competitors, have significantly lower market caps at $4.4 trillion and $4.2 trillion, respectively. The market's confidence in NVIDIA's growth trajectory in the AI sector suggests a strong likelihood of maintaining its lead through the end of the year. Given these factors, the true probability of NVIDIA being the largest company by market cap on December 31 is likely higher than the current market-implied probability of 72.5%."
2026-06-23 23:34:28,Will 2026 be the second-hottest year on record?,BUY_YES,10.0,MAKER,0.761,80.0%,"The news indicates a strong likelihood that 2026 will be the second-hottest year on record. Carbon Brief predicts a 62% chance of 2026 being the second-warmest year, with a 19% chance of it being the warmest and another 19% chance of it being the third or fourth warmest. This suggests a high probability of it being at least the second warmest. Additionally, the development of an El Niño event is expected to increase global temperatures, further supporting the likelihood of 2026 being extremely warm. The NCEI also reports a 95% chance of 2026 being among the four warmest years, which aligns with the high probability of it being the second warmest. Given these factors, the true probability of 2026 being the second-hottest year on record is likely higher than the current market price implies."
2026-06-23 23:34:49,Ukraine signs peace deal with Russia before 2027?,BUY_NO,10.0,TAKER,0.72,15.0%,"The news indicates that core obstacles remain unresolved, with Russia demanding territorial concessions and limits on Ukrainian defense capabilities, which Ukraine rejects. US-mediated talks have stalled, and recent proposals for direct talks were dismissed by Moscow. The US has shifted its focus to the Iran conflict, reducing diplomatic pressure on Russia and Ukraine. The probability of a peace deal before 2027 is low given these unresolved issues and the lack of progress in negotiations."
2026-06-24 18:24:20,"Will Bitcoin dip to $55,000 by December 31, 2026?",SELL_NO,10.0,EXIT (Stop Loss),0.21,N/A,SL at -27.6% ROI
2026-06-24 18:24:20,Will Perplexity AI be acquired before 2027?,SELL_YES,10.0,EXIT (Take Profit),0.215,N/A,TP at 18.8% ROI
2026-06-24 18:24:21,"Will Ethereum dip to $1,500 by December 31, 2026?",SELL_YES,10.0,EXIT (Take Profit),0.908,N/A,TP at 17.0% ROI
2026-06-24 18:24:31,"Will Bitcoin reach $100,000 by December 31, 2026?",BUY_YES,10.0,TAKER,0.12,45.0%,"The news suggests a base case scenario where Bitcoin reaches $95,000-$120,000 by the end of the year, with a 50-55% probability. This implies a significant chance of Bitcoin hitting $100,000 at some point. Additionally, the bullish scenario, with a 25-30% probability, suggests conditions where Bitcoin could exceed $100,000. The combination of these scenarios indicates a higher probability than the current market price suggests. Furthermore, the recent increase in investor interest in $100,000 call options and the positive sentiment from Bitcoin surpassing $100,000 in December 2025 support a higher probability. Therefore, the true probability of Bitcoin reaching $100,000 by the end of 2026 is likely higher than the market's implied 12.5%."
2026-06-24 18:24:53,Will Ukraine agree to cede territory to Russia before 2027?,BUY_NO,10.0,TAKER,0.85,10.0%,"The current geopolitical situation between Ukraine and Russia remains highly tense and unresolved. The news indicates that diplomatic efforts have stalled, with US-mediated talks failing to make progress and Russia dismissing Ukraine's proposals for direct leader-level talks. Ukraine has maintained a firm stance against territorial concessions, requiring a national referendum for any such decision. Russia continues to demand territorial concessions and limits on Ukrainian defense capabilities, which Ukraine rejects. Additionally, intensified Russian military operations and new EU sanctions reinforce the deadlock. The lack of progress in negotiations, combined with ongoing military tensions and geopolitical complexities, suggests a low likelihood of Ukraine agreeing to cede territory to Russia before 2027."
2026-06-25 10:30:55,"Kraken IPO by December 31, 2026?",SELL_YES,10.0,EXIT (Stop Loss),0.28,N/A,SL at -22.4% ROI
2026-06-25 10:31:06,"Will Ethereum dip to $1,000 by December 31, 2026?",BUY_YES,10.0,MAKER,0.251,32.0%,"The news indicates a significant bearish sentiment in the market for Ethereum. Kalshi traders are pricing a 32% chance of ETH falling below $1,000, while Polymarket shows a 27% chance. Both platforms suggest a high probability of ETH falling below $1,500, with Kalshi at 73% and Polymarket at 76%. Additionally, technical analysis points to bearish momentum, with potential declines to the $1,370-$1,500 range and a possible drop to $1,000 aligning with the 100% Fibonacci extension. Despite some optimistic long-term forecasts, the current market sentiment and technical indicators suggest a higher probability of ETH reaching $1,000 than the current market price implies."
2026-06-25 19:16:53,Metamask FDV above $700M one day after launch?,BUY_YES,10.0,TAKER,0.267,79.0%,"The news indicates that the market has a strong conviction towards a valuation above $700M, with a 79% probability as of January 8, 2026. However, there is hesitation for valuations above $1B, suggesting that the $700M threshold is more likely to be surpassed. The current YES price implies a 26.8% probability, which is significantly lower than the 79% probability mentioned in the news. This discrepancy suggests that the market may be undervaluing the likelihood of MetaMask's FDV exceeding $700M one day after launch."
2026-06-25 23:59:11,OpenAI IPO before 2027?,SELL_YES,10.0,EXIT (Stop Loss),0.345,N/A,SL at -36.2% ROI
2026-06-26 18:15:36,OpenAI IPO before 2027?,BUY_YES,10.0,TAKER,0.3,55.0%,"OpenAI has confidentially filed for an IPO, indicating a strong intention to go public. The company is valued at over $850 billion and is preparing for a potential IPO as soon as the fourth quarter of this year. However, there is also consideration of delaying the IPO until 2027 to achieve a $1 trillion valuation. The confidential filing provides flexibility, but the recent news suggests a strong possibility of an IPO before 2027. The current market probability of 30.5% seems low given these developments."
2026-06-27 09:16:04,"Will OpenAI not IPO by December 31, 2026?",SELL_NO,10.0,EXIT (Stop Loss),0.23,N/A,SL at -56.7% ROI
2026-06-27 15:03:25,Will OpenAI IPO by December 31 2026?,BUY_NO,10.0,TAKER,0.76,15.0%,"The news indicates that OpenAI has filed confidentially for an IPO, which is generally a positive indicator for a potential IPO by the end of 2026. However, there are significant factors suggesting a delay. OpenAI is considering delaying its IPO to 2027 due to the volatile public tech market and the rocky debut of SpaceX, which has affected market sentiment. Additionally, OpenAI's CEO Sam Altman is unwilling to compromise on a $1 trillion valuation, which may not be achievable in the current market conditions. These factors suggest a lower probability of an IPO by the end of 2026 than the market's current 23% probability."
2026-06-27 19:57:28,"Kraken IPO by December 31, 2026?",BUY_YES,10.0,TAKER,0.28,65.0%,"Kraken has confidentially filed for an IPO in November 2025, targeting a late 2026 listing. The company has raised $800 million at a $20 billion valuation, indicating strong financial backing. However, the IPO plan is currently on hold due to difficult market conditions, and the company has not disclosed exact timing. The news suggests a high probability of completion by December 31, 2026, at 81.5%, but the market price implies only a 29.5% probability. Given the ongoing regulatory review and the company's strategic importance in the crypto sector, the true probability is likely higher than the market's current assessment."
2026-06-27 23:11:07,Will no Fed rate cuts happen in 2026?,SELL_YES,10.0,EXIT (Stop Loss),0.772,N/A,SL at -4.9% ROI
2026-06-27 23:11:07,Will no Fed rate cuts happen in 2026?,SELL_NO,0.0,EXIT (Stop Loss),0.228,N/A,SL at -4.9% ROI
2026-06-27 23:11:07,Will 1 Fed rate cut happen in 2026?,SELL_YES,0.0,EXIT (Stop Loss),0.125,N/A,SL at 10.8% ROI
2026-06-27 23:11:07,Will 1 Fed rate cut happen in 2026?,SELL_NO,20.0,EXIT (Stop Loss),0.875,N/A,SL at 10.8% ROI
2026-06-27 23:11:08,Opensea FDV above $500M one day after launch?,SELL_YES,10.0,EXIT (Stop Loss),0.422,N/A,SL at -0.5% ROI
2026-06-27 23:11:08,Opensea FDV above $500M one day after launch?,SELL_NO,10.0,EXIT (Stop Loss),0.578,N/A,SL at -0.5% ROI
2026-06-27 23:11:08,Opensea FDV above $500M one day after launch?,SELL_YES,10.0,EXIT (Stop Loss),0.422,N/A,SL at 0.9% ROI
2026-06-27 23:11:08,Opensea FDV above $500M one day after launch?,SELL_NO,10.0,EXIT (Stop Loss),0.578,N/A,SL at 0.9% ROI
2026-06-27 23:11:08,Opensea FDV above $1B one day after launch?,SELL_YES,0.0,EXIT (Stop Loss),0.2,N/A,SL at 2.6% ROI
2026-06-27 23:11:08,Opensea FDV above $1B one day after launch?,SELL_NO,10.0,EXIT (Stop Loss),0.8,N/A,SL at 2.6% ROI
2026-06-27 23:11:09,US recession by end of 2026?,SELL_YES,10.0,EXIT (Stop Loss),0.115,N/A,SL at -11.5% ROI
2026-06-27 23:11:09,US recession by end of 2026?,SELL_NO,0.0,EXIT (Stop Loss),0.885,N/A,SL at -11.5% ROI
2026-06-27 23:11:09,Will OpenAI’s market cap be $1.5T or greater at market close on IPO day?,SELL_YES,0.0,EXIT (Stop Loss),0.025,N/A,SL at 15.0% ROI
2026-06-27 23:11:09,Will OpenAI’s market cap be $1.5T or greater at market close on IPO day?,SELL_NO,10.0,EXIT (Stop Loss),0.975,N/A,SL at 15.0% ROI
2026-06-27 23:11:10,Ukraine signs peace deal with Russia before 2027?,SELL_YES,0.0,EXIT (Stop Loss),0.265,N/A,SL at 2.1% ROI
2026-06-27 23:11:10,Ukraine signs peace deal with Russia before 2027?,SELL_NO,10.0,EXIT (Stop Loss),0.735,N/A,SL at 2.1% ROI
2026-06-27 23:11:10,Will OpenAI IPO by December 31 2026?,SELL_YES,0.0,EXIT (Stop Loss),0.235,N/A,SL at 0.7% ROI
2026-06-27 23:11:10,Will OpenAI IPO by December 31 2026?,SELL_NO,10.0,EXIT (Stop Loss),0.765,N/A,SL at 0.7% ROI
2026-06-27 23:44:13,"Will Bitcoin dip to $45,000 by December 31, 2026?",SELL_YES,10.0,EXIT (Stop Loss),0.445,N/A,SL at 5.7% ROI
2026-06-27 23:44:13,"Will Bitcoin dip to $45,000 by December 31, 2026?",SELL_NO,0.0,EXIT (Stop Loss),0.555,N/A,SL at 5.7% ROI
2026-06-27 23:44:14,"Will Bitcoin dip to $35,000 by December 31, 2026?",SELL_YES,10.0,EXIT (Stop Loss),0.17,N/A,SL at -6.1% ROI
2026-06-27 23:44:14,"Will Bitcoin dip to $35,000 by December 31, 2026?",SELL_NO,0.0,EXIT (Stop Loss),0.83,N/A,SL at -6.1% ROI
2026-06-27 23:44:14,AI bubble burst in 2026?,SELL_YES,10.0,EXIT (Stop Loss),0.188,N/A,SL at -10.0% ROI
2026-06-27 23:44:14,AI bubble burst in 2026?,SELL_NO,0.0,EXIT (Stop Loss),0.812,N/A,SL at -10.0% ROI
2026-06-27 23:44:14,OpenAI IPO before 2027?,SELL_YES,10.0,EXIT (Stop Loss),0.285,N/A,SL at -5.0% ROI
2026-06-27 23:44:14,OpenAI IPO before 2027?,SELL_NO,0.0,EXIT (Stop Loss),0.715,N/A,SL at -5.0% ROI
2026-06-27 23:44:15,"Kraken IPO by December 31, 2026?",SELL_YES,10.0,EXIT (Stop Loss),0.295,N/A,SL at 5.4% ROI
2026-06-27 23:44:15,"Kraken IPO by December 31, 2026?",SELL_NO,0.0,EXIT (Stop Loss),0.705,N/A,SL at 5.4% ROI
2026-06-27 23:44:15,Databricks IPO before 2027?,SELL_YES,0.0,EXIT (Stop Loss),0.17,N/A,SL at 2.5% ROI
2026-06-27 23:44:15,Databricks IPO before 2027?,SELL_NO,10.0,EXIT (Stop Loss),0.83,N/A,SL at 2.5% ROI
2026-06-27 23:44:16,Will 2026 be the second-hottest year on record?,SELL_YES,10.0,EXIT (Stop Loss),0.715,N/A,SL at -6.0% ROI
2026-06-27 23:44:16,Will 2026 be the second-hottest year on record?,SELL_NO,0.0,EXIT (Stop Loss),0.285,N/A,SL at -6.0% ROI
2026-06-27 23:44:16,"Will Bitcoin reach $100,000 by December 31, 2026?",SELL_YES,10.0,EXIT (Stop Loss),0.125,N/A,SL at 4.2% ROI
2026-06-27 23:44:16,"Will Bitcoin reach $100,000 by December 31, 2026?",SELL_NO,0.0,EXIT (Stop Loss),0.875,N/A,SL at 4.2% ROI
2026-06-27 23:44:16,Will Ukraine agree to cede territory to Russia before 2027?,SELL_YES,0.0,EXIT (Stop Loss),0.145,N/A,SL at 0.6% ROI
2026-06-27 23:44:16,Will Ukraine agree to cede territory to Russia before 2027?,SELL_NO,10.0,EXIT (Stop Loss),0.855,N/A,SL at 0.6% ROI
2026-06-27 23:44:17,"Will Ethereum dip to $1,000 by December 31, 2026?",SELL_YES,10.0,EXIT (Stop Loss),0.255,N/A,SL at 1.6% ROI
2026-06-27 23:44:17,"Will Ethereum dip to $1,000 by December 31, 2026?",SELL_NO,0.0,EXIT (Stop Loss),0.745,N/A,SL at 1.6% ROI
2026-06-27 23:44:31,"Will Bitcoin dip to $55,000 by December 31, 2026?",BUY_NO,10.0,TAKER,0.22,70.0%,"The news indicates a strong consensus among prediction market traders and analysts that Bitcoin is likely to dip below $55,000 by the end of 2026. Key points include: 1) Historical patterns and halving cycles suggest a bottom in the $50,000-$55,000 range in late 2026. 2) Prediction markets on platforms like Kalshi and Polymarket imply a 66% to 67% chance of Bitcoin falling below $55,000. 3) Institutional outflows and reduced demand are contributing to bearish sentiment. 4) The current YES price implies a 77% probability, which aligns closely with the consensus from prediction markets and analysts. Therefore, the true probability is estimated to be slightly lower than the market's current implied probability."
2026-06-28 10:15:56,Discord IPO before 2027?,SELL_YES,10.0,EXIT (Stop Loss),0.527,N/A,SL at -17.5% ROI
2026-06-28 10:15:56,Discord IPO before 2027?,SELL_NO,0.0,EXIT (Stop Loss),0.473,N/A,SL at -17.5% ROI
2026-06-28 10:15:56,Will NVIDIA be the largest company in the world by market cap on December 31?,SELL_YES,10.0,EXIT (Stop Loss),0.725,N/A,SL at -0.8% ROI
2026-06-28 10:15:56,Will NVIDIA be the largest company in the world by market cap on December 31?,SELL_NO,0.0,EXIT (Stop Loss),0.275,N/A,SL at -0.8% ROI
2026-06-28 10:15:57,Metamask FDV above $700M one day after launch?,SELL_YES,10.0,EXIT (Stop Loss),0.25,N/A,SL at -6.4% ROI
2026-06-28 10:15:57,Metamask FDV above $700M one day after launch?,SELL_NO,0.0,EXIT (Stop Loss),0.75,N/A,SL at -6.4% ROI
2026-06-28 10:16:05,Ukraine signs peace deal with Russia before 2027?,BUY_NO,10.0,TAKER,0.73,15.0%,"The current geopolitical situation and recent diplomatic efforts suggest a low probability of a peace deal being signed before 2027. The core obstacles remain unresolved, with Russia demanding territorial concessions and limits on Ukrainian defense capabilities, which Ukraine rejects. Recent US-mediated talks have not produced significant progress, and formal negotiations have stalled due to shifting US priorities. Although the Trump administration has set a new deadline and proposed further talks, there is skepticism about achieving a breakthrough given the entrenched positions of both sides. Additionally, Russia's rejection of Ukraine's ceasefire proposal and the lack of substantial outcomes from recent negotiations further diminish the likelihood of a peace deal. Therefore, the true probability of a peace deal being signed before 2027 is likely lower than the market's implied probability of 26.5%."
2026-06-28 15:06:59,Ukraine signs peace deal with Russia before 2027?,SELL_YES,0.0,EXIT (Stop Loss),0.265,N/A,SL at 0.7% ROI
2026-06-28 15:06:59,Ukraine signs peace deal with Russia before 2027?,SELL_NO,10.0,EXIT (Stop Loss),0.735,N/A,SL at 0.7% ROI
2026-06-28 19:59:52,Will 1 Fed rate cut happen in 2026?,BUY_NO,10.0,TAKER,0.87,5.0%,"The news indicates that the market is currently anticipating a rate hike rather than a cut in 2026. The CME Group's FedWatch gauge suggests a hike could come as early as October. The median estimate for the fed funds rate at the end of 2026 has increased to 3.8%, up from 3.4%, signaling at least one rate hike is expected. Additionally, the Fed's dot plot removed the outlook for a rate cut this year, and the majority of meeting participants anticipate at least one hike. Inflationary pressures are growing, and the consensus is that the Fed will remain on hold for the rest of the year, with no cuts expected. Given these factors, the probability of a rate cut in 2026 appears to be lower than the market's implied probability of 12.5%."
2026-06-29 00:19:12,Will 1 Fed rate cut happen in 2026?,SELL_YES,0.0,EXIT (Stop Loss),0.125,N/A,SL at 0.6% ROI
2026-06-29 00:19:12,Will 1 Fed rate cut happen in 2026?,SELL_NO,10.0,EXIT (Stop Loss),0.875,N/A,SL at 0.6% ROI
2026-06-29 14:55:16,Metamask FDV above $700M one day after launch?,BUY_YES,10.0,TAKER,0.217,79.0%,"The news indicates that the market has a strong conviction towards a valuation above $700M, with a 79% probability as of January 8, 2026. However, there is hesitation for valuations above $1B, suggesting that the $700M mark is more likely to be surpassed. The market also suggests limited upside for valuations above $2B, reinforcing the likelihood of a valuation around $1B. Given the current YES price implies a 22.8% probability, the true probability of MetaMask's FDV being above $700M one day after launch is likely higher than the market's current estimate."
2026-06-29 21:11:40,Will 1 Fed rate cut happen in 2026?,BUY_NO,10.0,TAKER,0.87,5.0%,"The current economic indicators and Fed projections suggest a low probability of a rate cut in 2026. The FOMC's June meeting, under new chair Kevin Warsh, maintained the federal funds rate and shifted the dot plot hawkishly, with the median year-end 2026 projection rising to 3.8%. This implies limited room for easing. Additionally, persistent inflation, with the May 2026 CPI at 4.2%, and solid economic growth reduce the urgency for monetary accommodation. The FOMC's dot plot shows only one member projecting a rate cut, while the majority expect rates to remain unchanged or even increase. J.P. Morgan Global Research also anticipates the Fed remaining on hold for the rest of 2026. Given these factors, the probability of a rate cut appears lower than the market's implied probability of 12.5%."
2026-06-29 21:12:01,Will no Fed rate cuts happen in 2026?,BUY_YES,10.0,MAKER,0.78,90.0%,"The news indicates a strong consensus against any rate cuts in 2026. The Forbes article describes a 'deadly consensus' that no rate cuts will happen, and the CME Group's FedWatch gauge suggests a rate hike is more likely than a cut. Additionally, the Fed's dot plot removed the outlook for a rate cut and indicated a possible hike. The median estimate for the fed funds rate at the end of 2026 has increased, signaling at least one rate hike is expected. Furthermore, J.P. Morgan Global Research does not anticipate any cuts this year, aligning with the broader market sentiment. Given these factors, the probability of no rate cuts in 2026 is very high."
2026-06-30 08:48:29,Will no Fed rate cuts happen in 2026?,SELL_YES,10.0,EXIT (Stop Loss),0.782,N/A,SL at 0.3% ROI
2026-06-30 08:48:29,Will no Fed rate cuts happen in 2026?,SELL_NO,0.0,EXIT (Stop Loss),0.218,N/A,SL at 0.3% ROI
2026-06-30 08:48:29,Will 1 Fed rate cut happen in 2026?,SELL_YES,0.0,EXIT (Stop Loss),0.125,N/A,SL at 0.6% ROI
2026-06-30 08:48:29,Will 1 Fed rate cut happen in 2026?,SELL_NO,10.0,EXIT (Stop Loss),0.875,N/A,SL at 0.6% ROI
2026-06-30 17:12:20,Metamask FDV above $700M one day after launch?,SELL_YES,10.0,EXIT (Stop Loss),0.166,N/A,SL at -23.5% ROI
2026-06-30 17:12:20,Metamask FDV above $700M one day after launch?,SELL_YES,10.0,EXIT (Stop Loss),0.166,N/A,SL at -23.5% ROI
2026-06-30 17:12:20,Metamask FDV above $700M one day after launch?,SELL_NO,0.0,EXIT (Stop Loss),0.834,N/A,SL at -23.5% ROI
2026-06-30 17:12:28,Will NVIDIA be the largest company in the world by market cap on December 31?,BUY_YES,10.0,MAKER,0.681,85.0%,"NVIDIA is currently the largest company by market cap, with a valuation between $4.83 trillion and $5.05 trillion, maintaining a lead of $400 billion to $700 billion over its nearest competitors, Alphabet and Apple. This represents a 10% to 15% buffer. NVIDIA's structural position is strong, supported by record Q1 fiscal 2027 revenue and strong revenue guidance for Q2. Alphabet and Apple have not shown the necessary market moves to close this gap, and Microsoft's market cap is significantly lower. Given these factors, the probability of NVIDIA remaining the largest company by market cap by December 31 is high."
2026-06-30 17:12:58,Anthropic IPO before 2027?,BUY_YES,10.0,MAKER,0.771,85.0%,"Anthropic has filed confidential IPO documents with the SEC as of June 1, 2026, and reports suggest a potential public listing as early as October 2026. The typical timeline for confidential filings to become public is two weeks before an investor roadshow, and the SEC review process for a company of this scale typically runs three to six months. Given these timelines, a 2026 IPO is highly feasible. Additionally, the company has achieved a significant valuation of nearly $1 trillion, indicating strong market interest and readiness for a public offering. These factors suggest a high likelihood of the IPO occurring before 2027."
2026-06-30 22:04:43,Will NVIDIA be the largest company in the world by market cap on December 31?,SELL_YES,10.0,EXIT (Stop Loss),0.645,N/A,SL at -5.3% ROI
2026-06-30 22:04:43,Will NVIDIA be the largest company in the world by market cap on December 31?,SELL_NO,0.0,EXIT (Stop Loss),0.355,N/A,SL at -5.3% ROI
2026-06-30 22:04:43,Anthropic IPO before 2027?,SELL_YES,10.0,EXIT (Stop Loss),0.77,N/A,SL at -0.1% ROI
2026-06-30 22:04:43,Anthropic IPO before 2027?,SELL_NO,0.0,EXIT (Stop Loss),0.23,N/A,SL at -0.1% ROI
2026-06-30 22:04:59,Databricks IPO before 2027?,BUY_YES,10.0,TAKER,0.17,70.0%,"Databricks has shown significant progress towards an IPO with several indicators suggesting a high likelihood of going public before 2027. The company raised $4 billion at a $134 billion valuation, indicating strong investor interest. Additionally, Databricks secured $1.8 billion in debt financing in January 2026, which is often a preparatory step for an IPO. CEO Ali Ghodsi has confirmed the company is 'IPO-ready' and has not ruled out a 2026 IPO. The company's revenue growth and financial health further support the likelihood of an IPO. Given these factors, the true probability of Databricks announcing an IPO before 2027 is likely higher than the current market price implies."
2026-06-30 22:05:21,Anduril IPO before 2027?,BUY_YES,10.0,MAKER,0.111,30.0%,"Anduril Industries has recently completed a significant $5 billion Series H funding round at a $61 billion valuation, indicating strong investor confidence and substantial growth potential. The company reported $2.2 billion in revenue for 2025 and has secured major government contracts, including a $20 billion U.S. Army enterprise award and a $2 billion sale to Kuwait. These developments suggest robust financial health and expansion capabilities, which are favorable conditions for an IPO. Additionally, the news mentions the possibility of an IPO in 2026 or 2027 if manufacturing and market conditions are favorable. Given these factors, the probability of an IPO before 2027 is likely higher than the current market price implies."
2026-07-01 10:56:56,"Will Bitcoin dip to $55,000 by December 31, 2026?",SELL_YES,0.0,EXIT (Stop Loss),0.815,N/A,SL at -15.9% ROI
2026-07-01 10:56:56,"Will Bitcoin dip to $55,000 by December 31, 2026?",SELL_NO,10.0,EXIT (Stop Loss),0.185,N/A,SL at -15.9% ROI
2026-07-01 18:28:18,"Will Bitcoin reach $100,000 by December 31, 2026?",BUY_YES,10.0,TAKER,0.1,80.0%,"The news outlines three scenarios: a base case with a 50-55% probability where Bitcoin reaches $95,000-$120,000, a bullish scenario with a 25-30% probability where Bitcoin exceeds $100,000, and an implied bearish scenario with a 15-25% probability where Bitcoin does not reach $100,000. The base case suggests Bitcoin will likely hit $100,000 at some point, and the bullish scenario further supports this possibility. Combining these probabilities, the likelihood of Bitcoin reaching $100,000 by the end of 2026 is approximately 75-85%. This exceeds the current market probability of 10.5% by more than 15%, indicating a significant undervaluation of the YES contract."
2026-07-01 18:28:40,"Will Ethereum dip to $800 by December 31, 2026?",BUY_NO,10.0,TAKER,0.85,5.0%,"The bearish scenario suggests Ethereum could drop to as low as $1,200 under severe conditions, but there is no mention of it dropping to $800. The current price range is $2,050-$2,150, and even in the bearish scenario, the lowest predicted range is $1,200-$2,000. The neutral and bullish scenarios predict much higher prices, with the bullish scenario suggesting prices could reach $5,000-$7,500 or more. The recent forecast indicates a slight increase in Ethereum's price in the short term. Given these factors, the probability of Ethereum dropping to $800 seems very low."
2026-07-01 18:29:04,"Will Bitcoin dip to $55,000 by December 31, 2026?",BUY_NO,10.0,TAKER,0.21,65.0%,"The news indicates a strong bearish sentiment in the market for Bitcoin. Several factors contribute to this outlook: 1) Bitcoin has recently dropped below $67,000, with further declines to $62,000, triggering significant liquidations and reinforcing bearish sentiment. 2) Traders on Polymarket are pricing a 64% chance of Bitcoin hitting $55,000 or lower before 2027, which aligns closely with the current market probability of 78.5%. 3) Macroeconomic factors such as ETF outflows, profit-taking, and uncertainty around Federal Reserve rate decisions are contributing to a risk-off sentiment. 4) The U.S. dollar's strength is acting as a headwind for Bitcoin, and there is speculation about potential rate hikes by the Federal Reserve. 5) Despite some indicators suggesting a potential market low between late August and October, the overall sentiment remains bearish. Given these factors, the true probability of Bitcoin dipping to $55,000 by the end of 2026 is likely lower than the market's current implied probability."
2026-07-01 18:29:34,"Will Bitcoin dip to $35,000 by December 31, 2026?",BUY_YES,10.0,MAKER,0.161,25.0%,"The recent news indicates a bearish sentiment in the Bitcoin market. There have been significant outflows from digital asset funds, reflecting waning investor confidence. Michael Saylor's sale of Bitcoin and the resulting liquidations have further contributed to a negative outlook. Prediction markets show a high probability of Bitcoin falling below $55,000, with a 64% chance, and even lower probabilities for higher price targets. The market is also pricing in a potential interest rate hike, which could further pressure Bitcoin prices. Given these factors, the probability of Bitcoin dipping to $35,000 by the end of 2026 seems higher than the current market price implies."
2026-07-01 19:05:14,Will 1 Fed rate cut happen in 2026?,BUY_NO,10.0,TAKER,0.88,5.0%,"The news indicates a strong consensus among Fed officials and market analysts that rate cuts are unlikely in 2026. The FOMC minutes show a split among policymakers, with a hawkish stance under Chair Kevin Warsh, and a majority favoring rate hikes if inflation remains high. Fed officials signal a longer pause and delayed rate cuts, with expectations for cuts pushed to 2027 or later. Goldman Sachs and J.P. Morgan also do not anticipate rate cuts in 2026, with Goldman Sachs expecting cuts in 2027 and J.P. Morgan forecasting a rate hike in 2027. The current YES price implies an 11.5% probability of a rate cut, which seems high given the overwhelming evidence against cuts this year."
2026-07-01 19:05:36,Opensea FDV above $1B one day after launch?,BUY_NO,10.0,TAKER,0.83,10.0%,"The news indicates that OpenSea has indefinitely delayed its token launch due to challenging market conditions. This significantly impacts the likelihood of the FDV exceeding $1 billion one day after launch. The market currently prices the probability of a $2 billion FDV at 27%, which suggests a lower probability for a $1 billion FDV. Additionally, the executive verdict and model predictions show low probabilities for high FDV outcomes, further supporting a low likelihood of exceeding $1 billion. Given these factors, the true probability of the FDV exceeding $1 billion is likely lower than the market's implied probability of 16.5%."
2026-07-01 19:06:00,US recession by end of 2026?,BUY_YES,10.0,MAKER,0.121,25.0%,"The news indicates that the US economy is currently not in a recession and is expected to grow at 2.2% in 2026, supported by expansionary fiscal policies and rate cuts. The unemployment rate is low at 4.3%, and jobless claims suggest that layoff concerns are overblown. While there are sectoral weaknesses, the overall economic indicators such as payroll growth, industrial production, and retail sales are accelerating. The probability of a recession over the next 12 months has been reduced to 30% by RSM, and J.P. Morgan also sees a 40% chance of a recession by the end of 2025, but not necessarily extending into 2026. Given these factors, the true probability of a recession by the end of 2026 is likely higher than the market's implied probability of 11.5%, but not significantly so."
2026-07-01 23:53:36,Ukraine signs peace deal with Russia before 2027?,BUY_NO,10.0,TAKER,0.75,15.0%,"The news indicates that core obstacles remain unresolved, with diplomacy stalled and recent proposals for peace talks dismissed by Moscow. The US has shifted its focus to the Iran conflict, reducing its mediation efforts. Russia continues to demand territorial concessions and limits on Ukrainian defense capabilities, which Ukraine rejects. Additionally, recent attempts at diplomacy have only resulted in prisoner exchanges and brief ceasefires, not substantial progress towards a peace deal. The geopolitical situation remains tense, with ongoing fighting and no significant diplomatic breakthroughs. These factors suggest a low probability of a peace deal being signed before 2027."
2026-07-02 10:21:00,Freddie Mac IPO before 2027?,BUY_YES,10.0,MAKER,0.111,25.0%,"The news indicates that the Trump administration is actively considering an IPO for Freddie Mac, with discussions involving major bank executives and plans to potentially sell stock in Fannie Mae and Freddie Mac, raising around $30 billion. This suggests a significant level of interest and planning towards an IPO. However, the statement from Trump indicates that there is no rush, which could imply delays. Given these factors, the probability of an IPO before 2027 seems higher than the current market price suggests."
2026-07-02 10:21:21,Consensys IPO closing market cap above $1B?,BUY_YES,10.0,MAKER,0.221,40.0%,"The news indicates that ConsenSys has pushed its planned $7 billion listing to at least fall 2026. This suggests that the company is targeting a valuation significantly above $1 billion. Additionally, the Nasdaq Private Market estimates ConsenSys's price per share at $30.27 as of June 17, 2026, which implies a substantial valuation given the company's size and market presence. These factors suggest a higher likelihood of the IPO closing market cap being above $1 billion."
2026-07-02 10:21:44,Will the Democrats win the Maine Senate race in 2026?,BUY_YES,10.0,MAKER,0.571,60.0%,"The current news indicates that the Maine Senate race is highly competitive. Susan Collins, a Republican incumbent, is running for re-election in a state that has leaned Democratic in recent presidential elections. Graham Platner, the Democratic candidate, won the primary decisively and has grassroots support and national attention. A recent high-quality poll shows Platner leading Collins by two percentage points, despite Democrats having a 12-point edge on Senate control. This suggests a competitive race but with a slight advantage for the Democrats. Given the current YES price implies a 56.5% probability, the slight lead in the polls and the Democratic advantage in Senate control suggest the true probability might be slightly higher than the market's current estimate."
2026-07-02 10:22:04,Applied Intuition IPO before 2027?,BUY_YES,10.0,MAKER,0.204,35.0%,"Applied Intuition has recently closed a significant Series F funding round at a $15 billion valuation, indicating strong investor confidence and financial health. The company has also formed strategic partnerships with major industry players like OpenAI, TRATON, Isuzu, Porsche, and Audi, and has expanded its product offerings and global presence. These developments suggest that the company is positioning itself for further growth and potentially an IPO. However, the company has not announced any specific plans for an IPO, and the current market price reflects an 18.8% probability of an IPO before 2027. Given the strong financial backing and strategic moves, the true probability of an IPO occurring before 2027 could be higher than the market's current estimate."
2026-07-02 17:20:45,OpenAI IPO before 2027?,BUY_NO,10.0,TAKER,0.74,15.0%,"The news indicates that OpenAI has delayed its IPO until 2027 to pursue a $1 trillion valuation. This decision aligns with the advice from OpenAI's advisers, who suggested waiting for a higher valuation rather than accepting a lower one for a faster IPO. The current market conditions are volatile, as evidenced by SpaceX's recent IPO and subsequent stock price drop. Additionally, OpenAI's recent funding round has increased its valuation to $852 billion, which suggests that the company is in a strong financial position and can afford to wait. The Kalshi traders' sentiment also reflects a low probability of an IPO announcement before 2027, with only a 33% chance of an announcement before January 1, 2027. Given these factors, the likelihood of OpenAI going public before 2027 is low."
2026-07-02 17:21:07,Discord IPO before 2027?,BUY_YES,10.0,MAKER,0.535,65.0%,"The recent filing of an S-1 registration statement by Discord is a strong indicator that the company is preparing for an IPO, which has increased market expectations for a public offering before 2027. The leadership change, with Humam Sakhnini taking over as CEO, further supports this expectation due to his public company experience. Additionally, the confidential filing of an IPO application in January 2026 suggests that Discord is actively moving towards a public debut. These factors collectively increase the likelihood of a Discord IPO before 2027."
2026-07-02 22:18:53,"Will Bitcoin dip to $55,000 by December 31, 2026?",SELL_NO,10.0,EXIT (Take Profit),0.25,N/A,TP at 19.0% ROI
2026-07-02 22:19:03,AI bubble burst in 2026?,BUY_YES,10.0,MAKER,0.187,35.0%,"The news highlights several factors indicating potential for an AI bubble burst in 2026. There are significant capital expenditures on AI infrastructure that outpace revenues, with leading labs like OpenAI and Anthropic reporting ongoing losses through at least 2028. Warnings from financial experts like Michael Burry and Bill Gurley compare current conditions to the late-stage dot-com bubble. A February NBER study shows minimal real-world productivity impact from AI, despite executive optimism. Recent market activity shows a pullback in AI-related stocks, with significant losses in global chip manufacturers and a slump in indices like the Nasdaq and KOSPI. These factors suggest a higher probability of an AI bubble burst than the current market price implies."
2026-07-02 22:19:26,Will Ukraine agree to cede territory to Russia before 2027?,BUY_NO,10.0,TAKER,0.89,5.0%,"The current geopolitical situation suggests a low probability of Ukraine agreeing to cede territory to Russia before 2027. Despite Russia's demands for Ukrainian capitulation and territorial concessions, Ukraine has shown resilience and has been successful in counteroffensives, liberating significant territories. The Ukrainian government, backed by substantial aid from the US and EU, continues to resist Russian advances. Additionally, the EU's agreement to launch Ukraine membership talks indicates strong Western support for Ukraine's sovereignty. Russia's insistence on maximalist demands, such as those outlined in the 2022 Istanbul Protocols, and the lack of progress in peace negotiations further reduce the likelihood of Ukraine agreeing to cede territory. The ongoing military engagements, including Ukrainian strikes on Russian infrastructure, demonstrate Ukraine's unwillingness to concede. Therefore, the true probability of Ukraine agreeing to cede territory is likely lower than the market's implied probability of 10.5%."
2026-07-02 22:19:47,"Will Solana dip to $20 by December 31, 2026?",BUY_NO,10.0,TAKER,0.89,2.0%,"The news suggests that Solana is projected to trade between $150 to $200 in a moderate scenario, with a bullish case placing it between $300 and $500. Even in more cautious projections, Solana is expected to stay between $80 to $130. The possibility of Solana dipping to $20 seems highly unlikely given these projections. The mention of a 'Bottom Year' for crypto does not imply a drop to $20, and the lowest cautious projection is still significantly above $20. Therefore, the probability of Solana dipping to $20 by December 31, 2026, is very low."
2026-07-03 10:12:53,Applied Intuition IPO before 2027?,SELL_YES,10.0,EXIT (Stop Loss),0.162,N/A,SL at -20.6% ROI
2026-07-03 16:09:58,"Will Hyperliquid perform an airdrop by December 31, 2026? ",BUY_YES,10.0,MAKER,0.181,25.0%,"The recent news indicates that Hyperliquid is actively expanding its ecosystem and integrating with major platforms like VALR and TradingView. This suggests a focus on growth and increasing user engagement, which could lead to an airdrop as a strategy to incentivize participation and reward users. Additionally, the mention of future emissions and community rewards in the tokenomics, along with the potential for targeted ecosystem grants and possible airdrops to early HyperEVM participants, supports the likelihood of an airdrop occurring. However, there is no explicit announcement of a second airdrop, and the market's current pricing reflects a cautious stance. Given these factors, the true probability of an airdrop by December 31, 2026, is estimated to be slightly higher than the market's 17% probability."
2026-07-03 16:10:19,Will Pete Hegseth leave the Trump administration before 2027?,BUY_YES,10.0,MAKER,0.261,45.0%,"The news indicates significant controversy surrounding Pete Hegseth, including allegations of sharing classified information and bringing unauthorized individuals to sensitive meetings. Despite public support from President Trump, there are reports of the White House beginning the process of looking for a replacement for Hegseth. Additionally, there is a pattern of high turnover and dismissals within the Pentagon, suggesting instability. These factors increase the likelihood of Hegseth leaving the administration before 2027."
2026-07-03 16:10:40,OpenAI announces it has achieved AGI before 2027?,BUY_NO,10.0,TAKER,0.89,8.0%,"The news indicates that OpenAI's public roadmap and leadership statements frame 2026 as a year of incremental advances rather than a breakthrough announcement of achieved AGI. Company materials project only 'very small discoveries' this year, with significant scientific progress expected in 2028 or later. Revised external forecasts, including from former OpenAI researchers, have lengthened timelines for AGI-level performance into the early 2030s. Additionally, the high evidentiary bar for any official AGI declaration and the absence of verified capability jumps sufficient to trigger one further reduce the likelihood of AGI being announced before 2027."
2026-07-03 20:37:35,Will The Netherlands recognize Palestine before 2027?,BUY_NO,10.0,TAKER,0.8,10.0%,"The recent news indicates that the Netherlands has decided not to recognize a Palestinian state for the time being, despite criticism of Israel's actions in Gaza. The Dutch government is currently in a weakened state due to political deadlock and the resignation of key ministers, which reduces the likelihood of a significant policy shift towards recognizing Palestine. Additionally, the Dutch parliament recently voted against recognizing Palestine and against imposing punitive measures on Israel. The Netherlands' stance on a two-state solution remains contingent on negotiations between Israel and the PLO, which are not currently ongoing. Given these factors, the probability of the Netherlands recognizing Palestine before 2027 appears low."
2026-07-03 22:24:39,Applied Intuition IPO before 2027?,BUY_YES,10.0,MAKER,0.175,25.0%,"Applied Intuition has recently closed a significant Series F funding round at a $15 billion valuation, indicating strong investor confidence and financial health. The company has also expanded its strategic partnerships and product offerings, which suggests a robust growth trajectory. Additionally, the involvement of major investors like BlackRock and Kleiner Perkins further supports the potential for an IPO. However, there is no explicit mention of IPO plans in the news, and the company may choose to remain private to continue its growth strategy. Given these factors, the probability of an IPO before 2027 is likely higher than the current market estimate of 15.8%, but not significantly so."
2026-07-03 22:25:00,Celonis IPO before 2027?,BUY_YES,10.0,MAKER,0.161,20.0%,"Celonis is a private company with a valuation estimated between $13-16 billion and is expected to potentially go public in late 2026-2027. The company has raised over $2.5 billion in funding and has notable investors such as Irving Investors and RBC Capital. Additionally, Celonis is actively expanding its capabilities by acquiring Ikigai Labs, which indicates a strategic move towards enhancing its AI capabilities. These factors suggest that Celonis is positioning itself for a potential IPO. However, the current market probability of 13% seems low given these developments, but not significantly so. The expected IPO timeline aligns with the market's timeframe, but the lack of a definitive IPO announcement or more concrete steps towards an IPO keeps the probability moderate."
2026-07-03 22:32:29,"Will Bitcoin dip to $35,000 by December 31, 2026?",SELL_YES,10.0,EXIT (Stop Loss),0.125,N/A,SL at -22.4% ROI
2026-07-03 22:32:47,Will the Fed’s lower bound reach 3.25% or lower before 2027?,BUY_NO,10.0,TAKER,0.79,15.0%,"The current economic indicators and forecasts suggest that the Federal Reserve is unlikely to lower the interest rate to 3.25% or below before 2027. Goldman Sachs Research does not expect rate cuts until 2027, and the Fed's own projections indicate a terminal rate of 3-3.25% by the end of 2027. Additionally, inflation remains above the Fed's target, and the labor market is resilient, reducing the likelihood of aggressive rate cuts. The new Fed Chair, Warsh, has also indicated a cautious approach to rate cuts, focusing on maintaining price stability. These factors collectively suggest a low probability of the Fed's lower bound reaching 3.25% or lower before 2027."
2026-07-03 22:33:11,Sam Altman out as OpenAI CEO before 2027?,BUY_YES,10.0,MAKER,0.111,25.0%,"The news indicates that Sam Altman was previously ousted as CEO of OpenAI in 2023 due to concerns about his communication and behavior, but was reinstated shortly after due to backlash from employees and investors. This suggests a level of instability in his position. Additionally, there are ongoing tensions within OpenAI's leadership, as evidenced by the opposition to Altman's profit-driven strategies and the internal conflicts with board members like Ilya Sutskever. The presence of a detailed dossier against Altman and the previous board's lack of confidence in him further highlight potential vulnerabilities in his leadership position. Given these factors, the probability of Altman being out as CEO before 2027 is likely higher than the current market price suggests."
2026-07-04 08:15:29,Ramp IPO before 2027?,BUY_YES,10.0,MAKER,0.101,25.0%,"Ramp is preparing to be 'IPO-ready' by the end of 2026, with a strong financial position including a $1.4 billion revenue run rate and $125 million in projected free cash flow. However, the company has not committed to going public this year, and the prediction market indicates only a 29% chance of an IPO announcement before June 2027. The broader IPO market is experiencing a comeback, but Ramp's specific timeline remains uncertain. Given these factors, the probability of an IPO announcement before 2027 is likely higher than the current market price suggests, but not significantly so."
2026-07-04 12:48:56,Celonis IPO before 2027?,SELL_YES,10.0,EXIT (Stop Loss),0.125,N/A,SL at -22.4% ROI
2026-07-04 12:49:13,Will 2026 be the second-hottest year on record?,BUY_YES,10.0,MAKER,0.641,80.0%,"The news indicates a 95% chance that 2026 will rank among the four warmest years on record, and with an El Niño event predicted for the end of 2026, the likelihood of 2026 being extremely warm is increased. Additionally, there is an 86% chance that one year between 2026 and 2030 will surpass 2024 as the warmest year on record. Given these factors, the probability of 2026 being the second-hottest year on record is likely higher than the current market probability of 65%."
2026-07-04 16:35:53,Consensys IPO closing market cap above $1B?,SELL_YES,10.0,EXIT (Stop Loss),0.175,N/A,SL at -20.8% ROI
